{
  "vocab_size": 48,
  "train_sequences": 4370,
  "valid_sequences": 485,
  "test_normal_sequences": 553368,
  "test_abnormal_sequences": 16838,
  "train_contexts": 21220,
  "valid_contexts": 9400,
  "test_normal_contexts": 10792614,
  "test_abnormal_contexts": 288250,
  "mask_ratio": 0.25,
  "window_size": 20,
  "adaptive_window": true,
  "num_candidates": 10,
  "best_seq_threshold": 0.025,
  "metrics": {
    "precision": 0.8749291159976765,
    "recall": 0.8246822663023622,
    "f1": 0.8490629485358187,
    "tp": 13886,
    "fp": 1985,
    "tn": 551383,
    "fn": 2952
  },
  "valid_false_positives": 0,
  "mlm_temperature": 3.7422861174146314
}